time_min,od_culture1,od_culture2
0.0,0.00038683154589824623,0.0002873475281220635
24.0,0.0006892769795277982,0.0004550956205428989
48.0,0.0010695495263388412,0.0007925304962384115
72.0,0.002069911675371433,0.0010163298149811191
96.0,0.003336221688509248,0.0013199720780825439
120.0,0.005801599005716347,0.001682086677327215
