,ligand_nM,frac_bound
0,1.023292992280754,0.006302741827273188
1,2.805433637951714,0.08721605927575986
2,7.691304402866098,0.18616503639269025
3,21.086281499332898,0.45730771613379095
4,57.80960474057184,0.6913255103927876
5,158.48931924611142,0.8064680677360608
