,ligand_nM,frac_bound
0,1.023292992280754,0.015383665673339554
1,2.805433637951714,0.020241281315445593
2,7.691304402866098,0.14914273696562372
3,21.086281499332898,0.34927780710046374
4,57.80960474057184,0.7974545307779219
5,158.48931924611142,0.9112874577076434
