Enzyme_WT_Km,Enzyme_mut_Km
452.2160964998403,376.2141334114922
482.99419728197404,365.91648094738446
418.97438607469815,433.57682359622197
445.71022660520555,435.8327599231089
410.42624286014603,419.69253859403904
457.15661014797877,386.1673690078581
456.41773134684735,395.06070434536696
418.3405416862173,419.3126072342535
433.8100948926076,402.83704691916853
466.4092413305358,432.6212544503318
